year_month,trade_count,user_count,total_buy_mount
2012-07,405,405,593
2012-08,481,481,617
2012-09,629,629,838
2012-10,620,620,872
2012-11,755,755,918
2012-12,669,669,899
2013-01,624,624,861
2013-02,314,314,461
2013-03,730,729,909
2013-04,762,762,993
2013-05,973,973,1320
2013-06,672,672,914
2013-07,668,668,932
2013-08,735,735,993
2013-09,959,959,1283
2013-10,982,982,1250
2013-11,1141,1141,1434
2013-12,1099,1099,1419
2014-01,757,757,955
2014-02,686,686,924
2014-03,1233,1233,1547
2014-04,1230,1230,1597
2014-05,1428,1428,1942
2014-06,1081,1081,1452
2014-07,1051,1051,1327
2014-08,1192,1192,1537
2014-09,1393,1392,1785
2014-10,1458,1457,1823
2014-11,1821,1821,2246
2014-12,1545,1545,1968
2015-01,1324,1323,1653
2015-02,255,255,320
